{"cameraMode":{"drawMode":0,"name":"Shaded","section":"Shading Mode"},"sceneLighting":false,"audioPlay":false,"sceneViewState":{"showFog":true,"showMaterialUpdate":false,"showSkybox":true,"showFlares":true,"showImageEffects":true,"showParticleSystems":true},"in2DMode":false,"pivot":{"x":12.542827606201172,"y":-7.5199737548828129,"z":-35.72153091430664},"rotation":{"x":-0.2864665687084198,"y":0.4566013216972351,"z":-0.1580568104982376,"w":-0.8273440599441528},"size":29.32342529296875,"orthographic":false}