{"cameraMode":{"drawMode":0,"name":"Shaded","section":"Shading Mode"},"sceneLighting":false,"audioPlay":false,"sceneViewState":{"showFog":true,"showMaterialUpdate":false,"showSkybox":false,"showFlares":true,"showImageEffects":true,"showParticleSystems":true},"in2DMode":false,"pivot":{"x":38.94499969482422,"y":1.7000000476837159,"z":-4.726049900054932},"rotation":{"x":-0.16075941920280457,"y":-0.6897791028022766,"z":0.1613950878381729,"w":-0.6872809529304504},"size":0.6461838483810425,"orthographic":false}